Start Station ID,Start Station Name,Start Station Latitude,Start Station Longitude
2004,6 Ave & Broome St,40.724399,-74.004704
3331,Riverside Dr & W 104 St,40.8013434,-73.9711457439
522,E 51 St & Lexington Ave,40.75714758,-73.97207836
418,Front St & Gold St,40.70224,-73.982578
467,Dean St & 4 Ave,40.68312489,-73.97895137
460,S 4 St & Wythe Ave,40.71285887,-73.96590294
265,Stanton St & Chrystie St,40.72229346,-73.99147535
3400,E 110 St & Madison Ave,40.7961535,-73.94782145
3124,46 Ave & 5 St,40.74731,-73.95451
3079,Leonard St & Grand St,40.71103537,-73.94714303
337,Old Slip & Front St,40.7037992,-74.00838676
492,W 33 St & 7 Ave,40.75019995,-73.99093085
3120,Center Blvd & Borden Ave,40.74161,-73.96044
357,E 11 St & Broadway,40.73261787,-73.99158043
523,W 38 St & 8 Ave,40.75466591,-73.99138152
3090,N 8 St & Driggs Ave,40.71774592,-73.95600096
372,Franklin Ave & Myrtle Ave,40.694528,-73.958089
3324,3 Ave & 14 St,40.6685455,-73.99333264
3343,W 107 St & Columbus Ave,40.7997568,-73.9621128676
3062,Myrtle Ave & Marcy Ave,40.69539817,-73.94954908
307,Canal St & Rutgers St,40.71427487,-73.98990025
3403,4 Ave & 9 St,40.6705135,-73.98876585
3160,Central Park West & W 76 St,40.77896784,-73.97374737
258,DeKalb Ave & Vanderbilt Ave,40.68940747,-73.96885458
3016,Kent Ave & N 7 St,40.72036775298455,-73.96165072917938
448,W 37 St & 10 Ave,40.75660359,-73.9979009
455,1 Ave & E 44 St,40.75001986,-73.96905301
3263,Cooper Square & E 7 St,40.72923649910006,-73.99086803197861
545,E 23 St & 1 Ave,40.736502,-73.97809472
446,W 24 St & 7 Ave,40.74487634,-73.99529885
474,5 Ave & E 29 St,40.7451677,-73.98683077
334,W 20 St & 7 Ave,40.74238787,-73.99726235
304,Broadway & Battery Pl,40.70463334,-74.01361706
3113,Greenpoint Ave & Manhattan Ave,40.73026,-73.95394
152,Warren St & Church St,40.71473993,-74.00910627
153,E 40 St & 5 Ave,40.752062307,-73.9816324043
389,Broadway & Berry St,40.71044554,-73.96525063
3082,Hope St & Union Ave,40.71167351,-73.95141312
143,Clinton St & Joralemon St,40.69239502,-73.99337909
3339,Berkeley Pl & 6 Ave,40.6765304,-73.97846879
83,Atlantic Ave & Fort Greene Pl,40.68382604,-73.97632328
400,Pitt St & Stanton St,40.71926081,-73.98178024
339,Avenue D & E 12 St,40.72580614,-73.97422494
438,St Marks Pl & 1 Ave,40.72779126,-73.98564945
3162,W 78 St & Broadway,40.78339981,-73.98093133
128,MacDougal St & Prince St,40.72710258,-74.00297088
531,Forsyth St & Broome St,40.71893904,-73.99266288
3121,Jackson Ave & 46 Rd,40.74524768,-73.94733276
499,Broadway & W 60 St,40.76915505,-73.98191841
493,W 45 St & 6 Ave,40.7568001,-73.98291153
3292,5 Ave & E 93 St,40.7857851,-73.957481
380,W 4 St & 7 Ave S,40.73401143,-74.00293877
3048,Putnam Ave & Nostrand Ave,40.68402,-73.94977
270,Adelphi St & Myrtle Ave,40.69308257,-73.97178913
3374,Central Park North & Adam Clayton Powell Blvd,40.799484,-73.955613
353,S Portland Ave & Hanson Pl,40.68539567,-73.97431458
293,Lafayette St & E 8 St,40.73028666,-73.9907647
387,Centre St & Chambers St,40.71273266,-74.0046073
319,Fulton St & Broadway,40.711066,-74.009447
2017,E 43 St & 2 Ave,40.75022392,-73.97121414
433,E 13 St & Avenue A,40.72955361,-73.98057249
3306,10 St & 7 Ave,40.6662078,-73.98199886
365,Fulton St & Grand Ave,40.68223166,-73.9614583
3135,E 75 St & 3 Ave,40.77112927,-73.95772297
472,E 32 St & Park Ave,40.7457121,-73.98194829
515,W 43 St & 10 Ave,40.76009437,-73.99461843
3424,E 106 St & Lexington Ave,40.791976,-73.945993
174,E 25 St & 1 Ave,40.7381765,-73.97738662
514,12 Ave & W 40 St,40.76087502,-74.00277668
167,E 39 St & 3 Ave,40.7489006,-73.97604882
3169,Riverside Dr & W 82 St,40.78720869,-73.98128127
3404,7 St & 5 Ave,40.6704922,-73.98541675
354,Emerson Pl & Myrtle Ave,40.69363137,-73.96223558
342,Columbia St & Rivington St,40.71739973,-73.98016555
3058,Lewis Ave & Kosciuszko St,40.69237074,-73.93705428
247,Perry St & Bleecker St,40.73535398,-74.00483091
2000,Front St & Washington St,40.70255088,-73.98940236
497,E 17 St & Broadway,40.73704984,-73.99009296
3375,3 Ave & E 72 St,40.7699426,-73.96060712
487,E 20 St & FDR Drive,40.73314259,-73.97573881
3407,Union St & Nevins St,40.67909799721684,-73.98765474557877
280,E 10 St & 5 Ave,40.73331967,-73.99510132
3428,8 Ave & W 16 St,40.740983,-74.001702
3076,Scholes St & Manhattan Ave,40.70870368,-73.9448625
356,Bialystoker Pl & Delancey St,40.71622644,-73.98261206
3398,Smith St & 9 St,40.6746957,-73.99785768
3388,President St & Henry St,40.6828003,-73.99990419
546,E 30 St & Park Ave S,40.74444921,-73.98303529
244,Willoughby Ave & Hall St,40.69196035,-73.96536851
368,Carmine St & 6 Ave,40.73038599,-74.00214988
394,E 9 St & Avenue C,40.72521311,-73.97768752
274,Lafayette Ave & Fort Greene Pl,40.68691865,-73.976682
3392,Commerce St & Van Brunt St,40.6812117,-74.00860912
3325,E 95 St & 3 Ave,40.7849032,-73.950503
3164,Columbus Ave & W 72 St,40.7770575,-73.97898475
3173,Riverside Blvd & W 67 St,40.777507027547976,-73.98888587951659
327,Vesey Pl & River Terrace,40.7153379,-74.01658354
276,Duane St & Greenwich St,40.71748752,-74.0104554
3134,3 Ave & E 62 St,40.76312584,-73.96526895
3080,S 4 St & Rodney St,40.70934,-73.95608
267,Broadway & W 36 St,40.75097711,-73.98765428
3077,Stagg St & Union Ave,40.70877084,-73.95095259
3075,Division Ave & Marcy Ave,40.70708701,-73.95796783
355,Bayard St & Baxter St,40.71602118,-73.99974372
3101,N 12 St & Bedford Ave,40.72079821,-73.95484712
238,Bank St & Washington St,40.7361967,-74.00859207
345,W 13 St & 6 Ave,40.73649403,-73.99704374
3425,2 Ave  & E 104 St,40.7892105,-73.94370784
3298,Warren St & Court St,40.686371,-73.99383324
3359,E 68 St & Madison Ave,40.7691572,-73.96703464
310,State St & Smith St,40.68926942,-73.98912867
3065,Union Ave & Wallabout St,40.70029511,-73.95032283
352,W 56 St & 6 Ave,40.76340613,-73.97722479
249,Harrison St & Hudson St,40.71870987,-74.0090009
3435,Grand St & Elizabeth St,40.718822,-73.99596
507,E 25 St & 2 Ave,40.73912601,-73.97973776
323,Lawrence St & Willoughby St,40.69236178,-73.98631746
3302,Columbus Ave & W 103 St,40.7969347,-73.9643412291
3152,3 Ave & E 71 St,40.76873687,-73.96119945
151,Cleveland Pl & Spring St,40.722103786686034,-73.99724900722504
3056,Kosciuszko St & Nostrand Ave,40.69072549,-73.95133465
3223,E 55 St & 3 Ave,40.758996559605116,-73.96865397691727
414,Pearl St & Anchorage Pl,40.70281858,-73.98765762
3284,E 88 St & Park Ave,40.781410700190015,-73.95595908164978
3131,E 68 St & 3 Ave,40.76712840349542,-73.96224617958069
3353,Reed St & Van Brunt St,40.6747844,-74.01612847
3098,Leonard St & Bayard St,40.71928,-73.94861
466,W 25 St & 6 Ave,40.74395411,-73.99144871
3081,Graham Ave & Grand St,40.711863,-73.944024
484,W 44 St & 5 Ave,40.75500254,-73.98014437
525,W 34 St & 11 Ave,40.75594159,-74.0021163
398,Atlantic Ave & Furman St,40.69165183,-73.9999786
3151,E 81 St & York Ave,40.7728384,-73.94989233
358,Christopher St & Greenwich St,40.73291553,-74.00711384
432,E 7 St & Avenue A,40.72621788,-73.98379855
526,E 33 St & 5 Ave,40.74765947,-73.98490707
116,W 17 St & 8 Ave,40.74177603,-74.00149746
3335,Union St & 4 Ave,40.6772744,-73.98282002
3170,W 84 St & Columbus Ave,40.78499979,-73.97283406
468,Broadway & W 55 St,40.7652654,-73.98192338
245,Myrtle Ave & St Edwards St,40.69327018,-73.97703874
320,Leonard St & Church St,40.717571,-74.005549
255,NYCBS Depot - SSP,40.646768,-74.01651
3283,W 89 St & Columbus Ave,40.7882213,-73.97041561
533,Broadway & W 39 St,40.75299641,-73.98721619
3344,Pioneer St & Van Brunt St,40.679043,-74.011169
3083,Bushwick Ave & Powers St,40.71247661,-73.94100005
315,South St & Gouverneur Ln,40.70355377,-74.00670227
251,Mott St & Prince St,40.72317958,-73.99480012
311,Norfolk St & Broome St,40.7172274,-73.98802084
3373,3 St & 3 Ave,40.6750705,-73.98775226
3351,E 102 St & 1 Ave,40.7869946,-73.94164802
212,W 16 St & The High Line,40.74334935,-74.00681753
3361,Carroll St & 6 Ave,40.6740886,-73.9787282
437,Macon St & Nostrand Ave,40.6809833854,-73.9500479759
3059,Pulaski St & Marcus Garvey Blvd,40.6933982,-73.939877
388,W 26 St & 10 Ave,40.749717753,-74.002950346
229,Great Jones St,40.72743423,-73.99379025
330,Reade St & Broadway,40.71450451,-74.00562789
3365,3 St & 7 Ave,40.6703837,-73.97839676
3420,Douglass St & 3 Ave,40.6802133,-73.98432695
3161,W 76 St & Columbus Ave,40.7801839724239,-73.97728532552719
3232,Bond St & Fulton St,40.68962188790333,-73.98304268717766
324,DeKalb Ave & Hudson Ave,40.689888,-73.981013
377,6 Ave & Canal St,40.72243797,-74.00566443
2002,Wythe Ave & Metropolitan Ave,40.716887,-73.963198
3052,Lewis Ave & Madison St,40.686312,-73.935775
237,E 11 St & 2 Ave,40.73047309,-73.98672378
483,E 12 St & 3 Ave,40.73223272,-73.98889957
3349,Grand Army Plaza & Plaza St West,40.6729679,-73.97087984
3041,Kingston Ave & Herkimer St,40.67890679,-73.94142771
3436,Greenwich St & Hubert St,40.721319,-74.010065
303,Mercer St & Spring St,40.72362738,-73.99949601
412,Forsyth St & Canal St,40.7158155,-73.99422366
2009,Catherine St & Monroe St,40.71117444,-73.99682619
3061,Throop Ave & Myrtle Ave,40.69622937,-73.94371094
3116,Huron St & Franklin St,40.73266,-73.95826
408,Market St & Cherry St,40.71076228,-73.99400398
3163,Central Park West & W 68 St,40.7734066,-73.97782542
268,Howard St & Centre St,40.71910537,-73.99973337
3150,E 85 St & York Ave,40.77536905,-73.94803392
421,Clermont Ave & Park Ave,40.69573398,-73.97129668
3147,E 85 St & 3 Ave,40.77801203,-73.95407149
3255,8 Ave & W 31 St,40.7505853470215,-73.9946848154068
3390,E 109 St & 3 Ave,40.79329668,-73.9432083
3143,5 Ave & E 78 St,40.77682863439968,-73.96388769149779
317,E 6 St & Avenue B,40.72453734,-73.98185424
301,E 2 St & Avenue B,40.72217444,-73.98368779
150,E 2 St & Avenue C,40.7208736,-73.98085795
3429,Hanson Pl & Ashland Pl,40.68506807308177,-73.97790759801863
3175,W 70 St & Amsterdam Ave,40.77748046,-73.98288594
3165,Central Park West & W 72 St,40.77579376683666,-73.9762057363987
3333,Columbia St & Lorraine St,40.6747055,-74.0075572
243,Fulton St & Rockwell Pl,40.688226,-73.979382
364,Lafayette Ave & Classon Ave,40.68900443,-73.96023854
3326,Clinton St & Centre St,40.67434,-74.00194698
3084,Devoe St & Leonard St,40.71348658,-73.94792458
3146,E 81 St & 3 Ave,40.77573034,-73.9567526
3370,E 78 St & 2 Ave,40.7727966,-73.95577801
3178,Riverside Dr & W 78 St,40.78414472,-73.98362492
3434,W 88 St & West End Ave,40.79025417330419,-73.97718340158461
442,W 27 St & 7 Ave,40.746647,-73.993915
3440,Fulton St & Adams St,40.692418292578466,-73.98949474096298
519,Pershing Square North,40.751873,-73.977706
3046,Marcus Garvey Blvd & Macon St,40.682601,-73.938037
264,Maiden Ln & Pearl St,40.70706456,-74.00731853
3389,Carroll St & Columbia St,40.6830456,-74.00348559
3438,E 76 St & 3 Ave,40.772248537721744,-73.95842134952545
302,Avenue D & E 3 St,40.72082834,-73.97793172
347,Greenwich St & W Houston St,40.728846,-74.008591
3265,E 2 St & 2 Ave,40.7245634290432,-73.9894437789917
444,Broadway & W 24 St,40.7423543,-73.98915076
361,Allen St & Hester St,40.71605866,-73.99190759
3050,Putnam Ave & Throop Ave,40.6851532,-73.94111
147,Greenwich St & Warren St,40.71542197,-74.01121978
79,Franklin St & W Broadway,40.71911552,-74.00666661
351,Front St & Maiden Ln,40.70530954,-74.00612572
3419,Douglass St & 4 Ave,40.6792788,-73.98154004
3093,N 6 St & Bedford Ave,40.71745169,-73.95850939
528,2 Ave & E 31 St,40.74290902,-73.97706058
3286,E 89 St & 3 Ave,40.7806284,-73.9521667
239,Willoughby St & Fleet St,40.69196566,-73.9813018
3176,W 64 St & West End Ave,40.77452835,-73.98753759
3108,Nassau Ave & Russell St,40.72557,-73.94434
2021,W 45 St & 8 Ave,40.75929124,-73.98859651
3117,Franklin St & Dupont St,40.73564,-73.95866
447,8 Ave & W 52 St,40.76370739,-73.9851615
3043,Lewis Ave & Decatur St,40.6814598,-73.934903
3239,Bressler,40.64653836709648,-74.01658773422241
3167,Amsterdam Ave & W 73 St,40.77966809007312,-73.98093044757842
3427,Lafayette St & Jersey St,40.72430527250332,-73.99600982666016
3356,Amsterdam Ave & W 66 St,40.7746671,-73.98470567
3140,1 Ave & E 78 St,40.77140426,-73.9535166
3119,Vernon Blvd & 50 Ave,40.74232744,-73.95411749
3224,W 13 St & Hudson St,40.73997354103409,-74.00513872504234
2001,Sands St & Navy St,40.699773,-73.979927
513,W 56 St & 10 Ave,40.768254,-73.988639
434,9 Ave & W 18 St,40.74317449,-74.00366443
540,Lexington Ave & E 29 St,40.74311555376486,-73.98215353488922
445,E 10 St & Avenue A,40.72740794,-73.98142006
3096,Union Ave & N 12 St,40.71924,-73.95242
511,E 14 St & Avenue B,40.72938685,-73.97772429
254,W 11 St & 6 Ave,40.73532427,-73.99800419
295,Pike St & E Broadway,40.71406667,-73.99293911
360,William St & Pine St,40.70717936,-74.00887308
479,9 Ave & W 45 St,40.76019252,-73.9912551
3102,Driggs Ave & Lorimer St,40.72179134,-73.9504154
480,W 53 St & 10 Ave,40.76669671,-73.99061728
3336,E 97 St & Madison Ave,40.787801,-73.953559
3329,Degraw St & Smith St,40.6829151,-73.99318208
312,Allen St & Stanton St,40.722055,-73.989111
3321,Clinton St & Union St,40.6831164,-73.99785267
440,E 45 St & 3 Ave,40.75255434,-73.97282625
275,Washington Ave & Greene Ave,40.68650065,-73.96563307
3070,McKibbin St & Manhattan Ave,40.70510918,-73.94407279
282,Kent Ave & S 11 St,40.707644944175705,-73.96841526031494
3413,Wyckoff St & 3 Ave,40.6827549,-73.98258555
3332,Degraw St & Hoyt St,40.681990442707026,-73.99079024791718
3397,Court St & Nelson St,40.6763947,-73.99869893
419,Carlton Ave & Park Ave,40.69580705,-73.97355569
2003,1 Ave & E 18 St,40.733812191966315,-73.98054420948029
3092,Berry St & N 8 St,40.7190095,-73.95852515
471,Grand St & Havemeyer St,40.71286844,-73.95698119
3060,Willoughby Ave & Tompkins Ave,40.69425403,-73.94626915
3341,Central Park West & W 102 St,40.795346,-73.96186
436,Hancock St & Bedford Ave,40.68216564,-73.95399026
3114,India St & East River,40.73165141,-73.96161892
3142,1 Ave & E 62 St,40.7612274,-73.96094022
423,W 54 St & 9 Ave,40.76584941,-73.98690506
422,W 59 St & 10 Ave,40.770513,-73.988038
449,W 52 St & 9 Ave,40.76461837,-73.98789473
3246,Montague St & Clinton St,40.694281141397326,-73.99230033159256
435,W 21 St & 6 Ave,40.74173969,-73.99415556
3381,3 St & Hoyt St,40.6777287,-73.99364123
3127,9 St & 44 Rd,40.74966,-73.9521
3066,Tompkins Ave & Hopkins St,40.69957608,-73.94708417
3243,E 58 St & 1 Ave,40.75892386377695,-73.96226227283478
3431,E 35 St & 3 Ave,40.746524,-73.977885
3122,48 Ave & 5 St,40.744363287066875,-73.9558732509613
490,8 Ave & W 33 St,40.751551,-73.993934
297,E 15 St & 3 Ave,40.734232,-73.986923
3322,12 St & 4 Ave,40.668603,-73.9904394
278,Concord St & Bridge St,40.69766564,-73.98476437
3414,Bergen St & Flatbush Ave,40.680944723477296,-73.97567331790923
3148,E 84 St & 1 Ave,40.77565541,-73.95068615
3310,14 St & 7 Ave,40.663779,-73.98396846
3109,Banker St & Meserole Ave,40.72606,-73.95621
3340,Wolcott St & Dwight St,40.6753274,-74.0100698
279,Peck Slip & Front St,40.707873,-74.00167
289,Monroe St & Classon Ave,40.6845683,-73.95881081
441,E 52 St & 2 Ave,40.756014,-73.967416
3364,Carroll St & 5 Ave,40.6751622,-73.9814832
3069,Lorimer St & Broadway,40.70411791,-73.94818595
284,Greenwich Ave & 8 Ave,40.7390169121,-74.0026376103
3144,E 81 St & Park Ave,40.77677702,-73.9590097
3346,Berkeley Pl & 7 Ave,40.675146838709786,-73.97523209452629
3354,3 St & Prospect Park West,40.668132,-73.97363831
3106,Driggs Ave & N Henry St,40.72325,-73.94308
495,W 47 St & 10 Ave,40.76269882,-73.99301222
501,FDR Drive & E 35 St,40.744219,-73.97121214
3410,Dean St & Hoyt St,40.6864442,-73.98759104
309,Murray St & West St,40.7149787,-74.013012
359,E 47 St & Park Ave,40.75510267,-73.97498696
306,Cliff St & Fulton St,40.70823502,-74.00530063
335,Washington Pl & Broadway,40.72903917,-73.99404649
3314,W 95 St & Broadway,40.7937704,-73.971888
410,Suffolk St & Stanton St,40.72066442,-73.98517977
3172,W 74 St & Columbus Ave,40.7785669,-73.97754961
3094,Graham Ave & Withers St,40.7169811,-73.94485918
427,Bus Slip & State St,40.701907,-74.013942
406,Hicks St & Montague St,40.69512845,-73.99595065
428,E 3 St & 1 Ave,40.72467721,-73.98783413
3126,44 Dr & Jackson Ave,40.74718234,-73.9432635
3383,Cathedral Pkwy & Broadway,40.804213,-73.96699104
3180,Brooklyn Bridge Park - Pier 2,40.69878,-73.99712
504,1 Ave & E 16 St,40.73221853,-73.98165557
3368,5 Ave & 3 St,40.6728155,-73.98352355
285,Broadway & E 14 St,40.73454567,-73.99074142
3245,Kiosk in a box Motivate,40.64667789889786,-74.01630342006683
3064,Myrtle Ave & Lewis Ave,40.69681963,-73.93756926
3156,E 72 St & York Ave,40.76663814,-73.95348296
3123,31 St & Thomson Ave,40.74469738,-73.93540375
305,E 58 St & 3 Ave,40.76095756,-73.96724467
341,Stanton St & Mangin St,40.71782143,-73.97628939
321,Cadman Plaza E & Red Cross Pl,40.69991755,-73.98971773
161,LaGuardia Pl & W 3 St,40.72917025,-73.99810231
3233,E 48 St & 5 Ave,40.75724567911726,-73.97805914282799
456,E 53 St & Madison Ave,40.7597108,-73.97402311
534,Water - Whitehall Plaza,40.70255065,-74.0127234
3358,Garfield Pl & 8 Ave,40.6711978,-73.97484126
390,Duffield St & Willoughby St,40.69221589,-73.9842844
348,W Broadway & Spring St,40.72490985,-74.00154702
3244,University Pl & E 8 St,40.73143724085228,-73.99490341544151
3129,Queens Plaza North & Crescent St,40.75110165,-73.94073717
3166,Riverside Dr & W 72 St,40.78057799010334,-73.98562431335449
3085,Roebling St & N 4 St,40.71469,-73.95739
3240,NYCBS Depot BAL - DYR,0.0,0.0
3282,5 Ave & E 88 St,40.78307,-73.95939
3256,Pier 40 - Hudson River Park,40.7277140777778,-74.01129573583603
3141,1 Ave & E 68 St,40.76500525,-73.95818491
367,E 53 St & Lexington Ave,40.75828065,-73.97069431
518,E 39 St & 2 Ave,40.74780373,-73.9734419
3086,Graham Ave & Conselyea St,40.715143,-73.944507
257,Lispenard St & Broadway,40.71939226,-74.00247214
3168,Central Park West & W 85 St,40.78472675,-73.96961715
409,DeKalb Ave & Skillman St,40.6906495,-73.95643107
3348,Coffey St & Conover St,40.677236,-74.015665
470,W 20 St & 8 Ave,40.74345335,-74.00004031
261,Johnson St & Gold St,40.69474881,-73.98362464
3128,21 St & 43 Ave,40.75052534,-73.94594845
3328,W 100 St & Manhattan Ave,40.795,-73.9645
3260,Mercer St & Bleecker St,40.72706363348306,-73.99662137031554
373,Willoughby Ave & Walworth St,40.69331716,-73.95381995
395,Bond St & Schermerhorn St,40.68807003,-73.98410637
3288,E 88 St & 1 Ave,40.778301,-73.9488134
3338,2 Ave & E 99 St,40.7862586,-73.94552579
426,West St & Chambers St,40.71754834,-74.01322069
3091,Frost St & Meeker St,40.71764,-73.94882
3132,E 59 St & Madison Ave,40.76350532,-73.97109243
401,Allen St & Rivington St,40.72019576,-73.98997825
457,Broadway & W 58 St,40.76695317,-73.98169333
291,Madison St & Montgomery St,40.713126,-73.984844
3053,Marcy Ave & Lafayette Ave,40.6900815,-73.947915
458,11 Ave & W 27 St,40.751396,-74.005226
195,Liberty St & Broadway,40.70905623,-74.01043382
402,Broadway & E 22 St,40.7403432,-73.98955109
498,Broadway & W 32 St,40.74854862,-73.98808416
3319,14 St & 5 Ave,40.666287,-73.98895053
3179,Park Ave & Marcus Garvey Blvd,40.698617,-73.941342
344,Monroe St & Bedford Ave,40.6851443,-73.95380904
325,E 19 St & 3 Ave,40.73624527,-73.98473765
481,S 3 St & Bedford Ave,40.71260486,-73.96264403
3422,Columbia St & Degraw St,40.6859296,-74.00242364
3330,Henry St & Bay St,40.6725058,-74.00494695
496,E 16 St & 5 Ave,40.73726186,-73.99238967
3405,5 St & 6 Ave,40.6704836,-73.98208968
386,Centre St & Worth St,40.71494807,-74.00234482
505,6 Ave & W 33 St,40.74901271,-73.98848395
224,Spruce St & Nassau St,40.71146364,-74.00552427
3103,N 11 St & Wythe Ave,40.72153267,-73.95782357
3047,Halsey St & Tompkins Ave,40.6823687,-73.944118
241,DeKalb Ave & S Portland Ave,40.68981035,-73.97493121
3323,W 106 St & Central Park West,40.7981856,-73.9605909006
296,Division St & Bowery,40.71413089,-73.9970468
3115,India St & Manhattan Ave,40.73232194,-73.9550858
376,John St & William St,40.70862144,-74.00722156
3125,45 Rd & 11 St,40.74708586,-73.94977234
383,Greenwich Ave & Charles St,40.735238,-74.000271
3294,E 91 St & Park Ave,40.7835016,-73.955327
527,E 33 St & 2 Ave,40.744023,-73.976056
72,W 52 St & 11 Ave,40.76727216,-73.99392888
298,3 Ave & Schermerhorn St,40.68683208,-73.9796772
3250,NYCBS Depot - PIT,40.71690978045965,-73.98383796215057
3171,Amsterdam Ave & W 82 St,40.78524672,-73.97667321
3347,Van Brunt St & Wolcott St,40.6773429,-74.01275056
3088,Union Ave & Jackson St,40.7160751,-73.952029
144,Nassau St & Navy St,40.69839895,-73.98068914
382,University Pl & E 14 St,40.73492695,-73.99200509
3258,W 27 St & 10 Ave,40.75018156325683,-74.00218427181244
3002,South End Ave & Liberty St,40.711512,-74.015756
524,W 43 St & 6 Ave,40.75527307,-73.98316936
3401,2 Ave & 9 St,40.6724811,-73.99331394
3139,E 72 St & Park Ave,40.77118287540658,-73.96409422159195
168,W 18 St & 6 Ave,40.73971301,-73.99456405
450,W 49 St & 8 Ave,40.76227205,-73.98788205
217,Old Fulton St,40.70277159,-73.99383605
3357,W 106 St & Amsterdam Ave,40.8008363,-73.9664492472
3305,E 91 St & 2 Ave,40.78112229934166,-73.94965589046478
3363,E 102 St & Park Ave,40.7904828,-73.95033068
232,Cadman Plaza E & Tillary St,40.69597683,-73.99014892
3226,W 82 St & Central Park West,40.78275,-73.97137
396,Lefferts Pl & Franklin Ave,40.680342423,-73.9557689392
216,Columbia Heights & Cranberry St,40.70037867,-73.99548059
415,Pearl St & Hanover Square,40.7047177,-74.00926027
3408,Congress St & Clinton St,40.6881529,-73.99520919
3177,W 84 St & Broadway,40.7867947,-73.977112
173,Broadway & W 49 St,40.76068327096592,-73.9845272898674
3409,Bergen St & Smith St,40.6867443,-73.99063168
313,Washington Ave & Park Ave,40.69610226,-73.96751037
3063,Nostrand Ave & Myrtle Ave,40.69527008,-73.95238108
3100,Nassau Ave & Newell St,40.724812564400175,-73.94752621650696
3297,6 St & 7 Ave,40.6686627,-73.97988067
3068,Humboldt St & Varet St,40.7031724,-73.940636
3071,Boerum St & Broadway,40.70538077,-73.94976519
2023,E 55 St & Lexington Ave,40.75968085,-73.97031366
3155,Lexington Ave & E 63 St,40.76440023,-73.96648977
3099,Leonard St & Manhattan Ave,40.72152240339303,-73.94898265600203
316,Fulton St & William St,40.70955958,-74.00653609
3072,Leonard St & Boerum St,40.70583339,-73.94644578
3259,9 Ave & W 28 St,40.74937024193277,-73.99923384189606
82,St James Pl & Pearl St,40.71117416,-74.00016545
3402,Court St & State St,40.6902375,-73.99203074
3264,E 61 St & Park Ave,40.764210071690634,-73.96910458803177
3311,Columbia St & Kane St,40.68763155,-74.0016256
2010,Grand St & Greene St,40.72165481,-74.00234737
3219,NYCBS Depot - STY,40.729193,-73.976655
3320,Central Park West & W 100 St,40.793393,-73.9635556
346,Bank St & Hudson St,40.73652889,-74.00618026
225,W 14 St & The High Line,40.74195138,-74.00803013
3295,Central Park W & W 96 St,40.79127,-73.964839
332,Cherry St,40.71219906,-73.97948148
328,Watts St & Greenwich St,40.72405549,-74.00965965
157,Henry St & Atlantic Ave,40.69089272,-73.99612349
3055,Greene Ave & Nostrand Ave,40.6883337,-73.950916
343,Clinton Ave & Flushing Ave,40.69794,-73.96986848
3057,Kosciuszko St & Tompkins Ave,40.69128258,-73.9452416
3301,Columbus Ave & W 95 St,40.7919557,-73.968087
517,Pershing Square South,40.751581,-73.97791
3371,4 Ave & 2 St,40.674613422475815,-73.98501142859459
392,Jay St & Tech Pl,40.695065,-73.987167
439,E 4 St & 2 Ave,40.7262807,-73.98978041
3387,E 106 St & Madison Ave,40.7934337,-73.94945003
491,E 24 St & Park Ave S,40.74096374,-73.98602213
3159,W 67 St & Broadway,40.77492513,-73.98266566
228,E 48 St & 3 Ave,40.7546011026,-73.971878855
473,Rivington St & Chrystie St,40.72110063,-73.9919254
500,Broadway & W 51 St,40.76228826,-73.98336183
393,E 5 St & Avenue C,40.72299208,-73.97995466
3366,West End Ave & W 107 St,40.8021174,-73.9681805305
397,Fulton St & Clermont Ave,40.68415748,-73.96922273
494,W 26 St & 8 Ave,40.74734825,-73.99723551
3112,Milton St & Franklin St,40.72906,-73.95779
417,Barclay St & Church St,40.71291224,-74.01020234
520,W 52 St & 5 Ave,40.75992262,-73.97648516
260,Broad St & Bridge St,40.70365182,-74.01167797
3158,W 63 St & Broadway,40.77163851,-73.98261428
3315,Henry St & Degraw St,40.6847514,-73.99917254
340,Madison St & Clinton St,40.71269042,-73.98776323
503,E 20 St & Park Ave,40.73827428,-73.98751968
469,Broadway & W 53 St,40.76344058,-73.98268129
532,S 5 Pl & S 4 St,40.710451,-73.960876
3418,Plaza St West & Flatbush Ave,40.6750207,-73.97111473
3307,West End Ave & W 94 St,40.7941654,-73.974124
3230,Penn Station Valet,40.751283596962296,-73.99692445993422
3300,Prospect Park West & 8 St,40.66514681533792,-73.97637605667114
146,Hudson St & Reade St,40.71625008,-74.0091059
2006,Central Park S & 6 Ave,40.76590936,-73.97634151
461,E 20 St & 2 Ave,40.73587678,-73.98205027
482,W 15 St & 7 Ave,40.73935542,-73.99931783
3417,Baltic St & 5 Ave,40.6795766,-73.97854971
3235,E 41 St & Madison Ave,40.752165280621966,-73.97992193698882
3362,Madison Ave & E 82 St,40.7781314,-73.96069399
486,Broadway & W 29 St,40.7462009,-73.98855723
3236,W 42 St & Dyer Ave,40.75898481399634,-73.99379968643188
385,E 55 St & 2 Ave,40.75797322,-73.96603308
478,11 Ave & W 41 St,40.76030096,-73.99884222
530,11 Ave & W 59 St,40.771522,-73.990541
3378,E 76 St & Park Ave,40.773763,-73.96222088
3249,Verona Pl & Fulton St,40.6803560840434,-73.9476791024208
3017,NYCBS Depot - FAR,40.751483,-73.996764
362,Broadway & W 37 St,40.75172632,-73.98753523
516,E 47 St & 1 Ave,40.75206862,-73.96784384
3376,E 65 St & 2 Ave,40.76471851944339,-73.96222069859505
120,Lexington Ave & Classon Ave,40.68676793,-73.95928168
3238,E 80 St & 2 Ave,40.77391390238118,-73.9543953537941
119,Park Ave & St Edwards St,40.69608941,-73.97803415
322,Clinton St & Tillary St,40.696192,-73.991218
3095,Graham Ave & Herbert St,40.71929301,-73.94500379
3303,Butler St & Court St,40.6849894,-73.99440329
236,St Marks Pl & 2 Ave,40.7284186,-73.98713956
331,Pike St & Monroe St,40.71173107,-73.99193043
350,Clinton St & Grand St,40.71559509,-73.9870295
3237,21 St & 41 Ave,40.75383343437622,-73.94267678260802
164,E 47 St & 2 Ave,40.75323098,-73.97032517
3399,7 St & 3 Ave,40.67260298150126,-73.98983001708984
336,Sullivan St & Washington Sq,40.73047747,-73.99906065
420,Clermont Ave & Lafayette Ave,40.68764484,-73.96968902
3157,East End Ave & E 86 St,40.77518615,-73.94446054
488,W 39 St & 9 Ave,40.75645824,-73.99372222
3105,N 15 St & Wythe Ave,40.724055,-73.955736
3118,McGuinness Blvd & Eagle St,40.73555,-73.95284
3382,Carroll St & Smith St,40.680611,-73.99475825
3074,Montrose Ave & Bushwick Ave,40.70767788,-73.94016171
262,Washington Park,40.6917823,-73.9737299
248,Laight St & Hudson St,40.72185379,-74.00771779
508,W 46 St & 11 Ave,40.76341379,-73.99667444
416,Cumberland St & Lafayette Ave,40.68753406,-73.97265183
281,Grand Army Plaza & Central Park S,40.7643971,-73.97371465
3137,5 Ave & E 73 St,40.77282817,-73.96685276
3087,Metropolitan Ave & Meeker Ave,40.71413311,-73.95234386
259,South St & Whitehall St,40.70122128,-74.01234218
3042,Fulton St & Utica Ave,40.6794268,-73.9298911
3350,W 100 St & Broadway,40.7973721,-73.97041192
308,St James Pl & Oliver St,40.71307916,-73.99851193
411,E 6 St & Avenue D,40.72228087,-73.97668709
537,Lexington Ave & E 24 St,40.74025878,-73.98409214
453,W 22 St & 8 Ave,40.74475148,-73.99915362
3316,W 104 St & Amsterdam Ave,40.7989937,-73.9662173778
3049,Cambridge Pl & Gates Ave,40.68488,-73.96304
266,Avenue D & E 8 St,40.72368361,-73.97574813
349,Rivington St & Ridge St,40.71850211,-73.98329859
3044,Albany Ave & Fulton St,40.6800105,-73.938475
3241,Monroe St & Tompkins Ave,40.686203,-73.944694
539,Metropolitan Ave & Bedford Ave,40.71534825,-73.96024116
3073,Division Ave & Hooper St,40.70691254,-73.95441667
3411,Bond St & Bergen St,40.6849668,-73.98620772
253,W 13 St & 5 Ave,40.73543934,-73.99453948
3396,Clinton St & 4 Place,40.6783563,-74.00014502
379,W 31 St & 7 Ave,40.749156,-73.9916
3393,Richards St & Delavan St,40.6794327,-74.00785041
3430,Richardson St & N Henry St,40.71907891179564,-73.94223690032959
2022,E 60 St & York Ave,40.759107,-73.959223
3221,47 Ave & 31 St,40.743,-73.93561
3290,E 89 St & York Ave,40.7779453,-73.946041
3360,Amsterdam Ave & W 79 St,40.7829391,-73.9786517
3293,W 92 St & Broadway,40.7921,-73.9739
3394,Columbia St & W 9 St,40.6769993,-74.00647134
454,E 51 St & 1 Ave,40.75455731,-73.96592976
3036,8D OPS 01,40.51797520038851,-74.0313720703125
363,West Thames St,40.70834698,-74.01713445
3379,E 103 St & Lexington Ave,40.7903051,-73.94755757
3312,1 Ave & E 94 St,40.7817212,-73.94594
3317,10 St & 5 Ave,40.6686273,-73.98700053
475,E 16 St & Irving Pl,40.73524276,-73.98758561
3355,E 66 St & Madison Ave,40.76800889305947,-73.96845281124115
3386,1 Pl & Clinton St,40.6809591,-73.99905709
2008,Little West St & 1 Pl,40.70569254,-74.01677685
502,Henry St & Grand St,40.714215,-73.981346
3111,Norman Ave & Leonard St,40.7258483,-73.95064893
3078,Broadway & Roebling St,40.70925562,-73.95982218
3421,Hoyt St & Warren St,40.6843549,-73.98901629
477,W 41 St & 8 Ave,40.75640548,-73.9900262
3107,Bedford Ave & Nassau Ave,40.72311651,-73.95212324
3285,W 87 St  & Amsterdam Ave,40.78839,-73.9747
536,1 Ave & E 30 St,40.74144387,-73.97536082
3145,E 84 St & Park Ave,40.77862688,-73.95772073
242,Carlton Ave & Flushing Ave,40.697787,-73.973736
3395,Henry St & W 9 St,40.6763744,-74.00324957
529,W 42 St & 8 Ave,40.7575699,-73.99098507
3231,E 67 St & Park Ave,40.76780080148132,-73.96592080593109
430,York St & Jay St,40.7014851,-73.98656928
2012,E 27 St & 1 Ave,40.739445,-73.976806
3304,6 Ave & 9 St,40.668127,-73.98377641
3342,Pioneer St & Richards St,40.6777748,-74.0094613
3309,E 97 St & 3 Ave,40.7859201,-73.94860294
384,Fulton St & Washington Ave,40.683048,-73.964915
366,Clinton Ave & Myrtle Ave,40.693261,-73.968896
3391,E 106 St & 1 Ave,40.7892529,-73.93956237
3054,Greene Ave & Throop Ave,40.6894932,-73.942061
127,Barrow St & Hudson St,40.73172428,-74.00674436
252,MacDougal St & Washington Sq,40.73226398,-73.99852205
476,E 31 St & 3 Ave,40.74394314,-73.97966069
3384,Smith St & 3 St,40.6787242,-73.99599099
485,W 37 St & 5 Ave,40.75038009,-73.98338988
3313,6 Ave & 12 St,40.6663181,-73.9854617
3242,Schermerhorn St & Court St,40.69102925677968,-73.99183362722397
405,Washington St & Gansevoort St,40.739323,-74.008119
3415,Prospect Pl & 6 Ave,40.6793307,-73.97519523
3067,Broadway & Whipple St,40.7016657,-73.9437303
3289,W 90 St & Amsterdam Ave,40.79017948095081,-73.97288918495178
391,Clark St & Henry St,40.69760127,-73.99344559
3327,3 Ave & E 100 St,40.7877214,-73.94728331
3110,Meserole Ave & Manhattan Ave,40.72708584,-73.95299117
509,9 Ave & W 22 St,40.7454973,-74.00197139
459,W 20 St & 11 Ave,40.746745,-74.007756
3367,5 Ave & E 103 St,40.7922553,-73.95249933
3345,Madison Ave & E 99 St,40.78948541553215,-73.95242929458618
3377,Carroll St & Bond St,40.6786115,-73.99037292
399,Lafayette Ave & St James Pl,40.68851534,-73.9647628
443,Bedford Ave & S 9 St,40.70853074,-73.96408963
326,E 11 St & 1 Ave,40.72953837,-73.98426726
3308,Kane St & Clinton St,40.6861758,-73.99645295
2005,Railroad Ave & Kay Ave,40.70531194,-73.97100056
369,Washington Pl & 6 Ave,40.73224119,-74.00026394
3416,7 Ave & Park Pl,40.6776147,-73.97324283
3372,E 74 St & 1 Ave,40.7689738,-73.95482273
3412,Pacific St & Nevins St,40.6853761,-73.98302136
407,Henry St & Poplar St,40.700469,-73.991454
3423,West Drive & Prospect Park West,40.6610633719006,-73.97945255041122
